,Fallacy Name,Precision,Recall,F1,Number of Positive Labels for this Class in Test Set
0,appeal to emotion,0.75,0.391304347826087,0.5142857142857143,23
1,false causality,0.6111111111111112,0.6111111111111112,0.6111111111111112,18
2,ad populum,0.7647058823529411,0.8666666666666667,0.8125,30
3,circular reasoning,0.5,0.631578947368421,0.5581395348837209,19
4,fallacy of relevance,0.5,0.16666666666666666,0.25,24
5,faulty generalization,0.618421052631579,0.7704918032786885,0.6861313868613139,61
6,ad hominem,0.7441860465116279,0.7804878048780488,0.761904761904762,41
7,fallacy of extension,0.6363636363636364,0.6666666666666666,0.6511627906976744,21
8,equivocation,1.0,0.2,0.33333333333333337,5
9,fallacy of logic,0.4444444444444444,0.2857142857142857,0.34782608695652173,14
10,fallacy of credibility,0.47368421052631576,0.5294117647058824,0.5,17
11,intentional,0.375,0.4,0.38709677419354843,15
12,false dilemma,0.6111111111111112,0.9166666666666666,0.7333333333333334,12
